{"cameraMode":{"drawMode":0,"name":"Shaded","section":"Shading Mode"},"sceneLighting":false,"audioPlay":false,"sceneViewState":{"m_AlwaysRefresh":false,"showFog":true,"showSkybox":false,"showFlares":true,"showImageEffects":true,"showParticleSystems":true,"showVisualEffectGraphs":true,"m_FxEnabled":true},"in2DMode":false,"pivot":{"x":0.47083431482315066,"y":-1.1129459142684937,"z":47.911659240722659},"rotation":{"x":-0.011558111757040024,"y":0.7256438136100769,"z":-0.012206831015646458,"w":-0.6878972053527832},"size":0.8333393931388855,"orthographic":false}